,T1,T2,T3,time mean,time worst,time MAPE %,time RMSE clean,time MAE raw,time RMSE raw,city MAE,random MAE,bias May %,bias Jun %,bias Jul %,bias Aug %,bias Sep %,bias Oct %
B1 global median rpm x distance,189.83,199.15,203.69,197.56,203.69,9.37,276.89,249.25,676.94,213.04,213.48,-5.11,-7.46,-2.77,0.2,-1.23,-1.67
B2 lane median rpm,148.75,83.85,76.18,102.92,148.75,4.25,143.61,156.17,645.11,94.84,90.88,-4.55,-6.77,-2.15,0.91,-0.6,-0.92
B3 ridge (log rpm),52.55,52.33,110.67,71.85,110.67,3.01,98.68,125.49,636.22,59.62,54.76,0.45,-2.25,-0.75,-2.64,-5.1,-4.28
M0 LightGBM log-rpm,59.2,69.97,81.16,70.11,81.16,3.11,106.66,123.62,633.51,26.63,23.78,-0.13,-1.95,-0.59,-3.0,-2.3,-4.98
A21 cycle - holiday features,68.4,85.45,32.88,62.24,85.45,2.7,91.82,115.89,631.92,29.21,26.57,-3.1,-2.06,-2.58,-0.88,1.13,-0.5
A24 cycle - holidays + additive calendar,55.92,80.23,30.88,55.68,80.23,2.38,87.68,109.39,630.57,42.9,40.95,-2.02,-1.87,-0.86,-0.84,0.41,-0.29
A27 A24 + qs_day (quote regime),28.34,67.95,23.17,39.82,67.95,1.83,62.5,93.77,627.34,27.13,24.91,-0.34,-0.88,-0.08,-3.27,0.21,0.17
A34 A27 + recency half-life 60d,30.21,64.11,26.78,40.37,64.11,1.85,63.29,94.29,626.98,31.3,28.63,-0.35,-1.03,-0.12,-3.24,0.19,0.27
A39 A24 + coarse quote regime,41.24,73.67,27.26,47.39,73.67,2.07,77.05,101.21,628.75,33.23,31.77,-0.74,-1.74,-0.37,-2.29,0.34,0.19
A40 A39 + recency half-life 60d,42.51,71.43,32.37,48.77,71.43,2.12,78.06,102.56,628.43,38.4,36.66,-0.78,-1.89,-0.36,-1.92,0.96,0.45
A42 A24 + qs_7d + quote x regime,32.76,68.19,30.21,43.72,68.19,1.95,70.22,97.58,627.7,28.43,26.26,0.08,-0.96,-0.29,-2.18,-0.2,-0.46
A44 A42 + recency half-life 60d,33.48,66.51,35.35,45.12,66.51,2.0,70.78,98.95,627.58,31.54,28.84,0.02,-1.07,-0.28,-2.03,-0.39,-0.6
