model,T1,T2,T3,time mean,time worst,city,random,Dec min $,Dec max $,Dec day-to-day std $,tree part range $,stage-2 Thu vs Mon %,stage-2 quarter-end ramp %
A34 A27 + recency half-life 60d,30.21,64.11,26.78,40.37,64.11,31.3,28.63,785.77,819.01,10.1,28.16,0.58,0.17
A40 A39 + recency half-life 60d,42.51,71.43,32.37,48.77,71.43,38.4,36.66,800.73,815.46,3.18,0.0,1.18,0.84
A37 A24 + qs_7d (smoothed quote regime),36.16,69.24,29.43,44.94,69.24,28.52,26.49,784.63,814.41,8.55,21.86,1.3,0.07
A41 A24 + qs_14d (continuous),41.21,70.78,30.42,47.47,70.78,30.69,28.35,775.75,820.14,11.56,41.36,1.2,0.16
A42 A24 + qs_7d + quote x regime,32.76,68.19,30.21,43.72,68.19,28.43,26.26,785.91,814.38,8.75,22.76,1.33,0.05
A43 A24 + qs_14d + quote x regime,39.59,71.3,30.84,47.24,71.3,30.56,28.29,777.76,824.96,13.74,44.2,1.22,0.11
A44 A42 + recency half-life 60d,33.48,66.51,35.35,45.12,66.51,31.54,28.84,796.02,817.48,4.62,12.56,1.37,-0.21
A45 A43 + recency half-life 60d,40.26,70.14,35.58,48.66,70.14,34.09,31.31,793.42,821.77,6.32,19.53,1.17,0.03
A46 A41 + recency half-life 60d,42.02,71.1,35.65,49.59,71.1,34.29,31.44,795.6,826.32,6.66,20.31,1.18,0.13
